group,n,mae,mse,r2,set,target,n_cov,cov,race_adj
All,46958,431.91,320502.17,0.63,ukb_val,fvc,3,height,false
white,44562,420.55,304716.74,0.65,ukb_val,fvc,3,height,false
black,609,762.71,782547.39,-0.21,ukb_val,fvc,3,height,false
asian,1051,676.07,656306.46,-0.00,ukb_val,fvc,3,height,false
other,736,496.82,414407.49,0.53,ukb_val,fvc,3,height,false
All,46958,419.55,302874.79,0.65,ukb_val,fvc,4,height,true
white,44562,419.31,302629.59,0.65,ukb_val,fvc,4,height,true
black,609,399.55,262613.00,0.60,ukb_val,fvc,4,height,true
asian,1051,398.90,275316.73,0.58,ukb_val,fvc,4,height,true
other,736,480.06,390387.97,0.56,ukb_val,fvc,4,height,true
All,7323,498.24,404740.13,0.62,nh,fvc,3,height,false
white,2466,477.60,374891.76,0.69,nh,fvc,3,height,false
black,1828,554.22,498224.76,0.40,nh,fvc,3,height,false
asian,198,450.31,331290.59,0.63,nh,fvc,3,height,false
hispanic,2489,484.43,380567.52,0.60,nh,fvc,3,height,false
other,342,476.00,338730.68,0.66,nh,fvc,3,height,false
All,7323,508.06,423459.13,0.60,nh,fvc,4,height,true
white,2466,455.48,348984.07,0.71,nh,fvc,4,height,true
black,1828,519.46,439162.72,0.48,nh,fvc,4,height,true
asian,198,514.68,403500.24,0.54,nh,fvc,4,height,true
hispanic,2489,555.29,494029.47,0.48,nh,fvc,4,height,true
other,342,478.62,374487.24,0.62,nh,fvc,4,height,true
All,3860,507.34,418333.64,0.61,nh3,fvc,3,height,false
white,1293,476.06,372334.83,0.70,nh3,fvc,3,height,false
black,1120,551.47,498025.00,0.42,nh3,fvc,3,height,false
hispanic,1259,503.50,404201.30,0.57,nh3,fvc,3,height,false
other,188,485.17,354582.43,0.64,nh3,fvc,3,height,false
All,3860,516.54,432399.59,0.60,nh3,fvc,4,height,true
white,1293,457.50,348907.50,0.72,nh3,fvc,4,height,true
black,1120,520.10,439074.35,0.49,nh3,fvc,4,height,true
hispanic,1259,579.65,521478.46,0.44,nh3,fvc,4,height,true
other,188,478.72,370321.15,0.62,nh3,fvc,4,height,true
All,3463,488.09,389588.24,0.63,nh4,fvc,3,height,false
white,1173,479.30,377710.27,0.67,nh4,fvc,3,height,false
black,708,558.57,498540.79,0.38,nh4,fvc,3,height,false
asian,198,450.31,331290.59,0.63,nh4,fvc,3,height,false
hispanic,1230,464.91,356376.53,0.62,nh4,fvc,3,height,false
other,154,464.81,319379.18,0.66,nh4,fvc,3,height,false
All,3463,498.60,413493.73,0.61,nh4,fvc,4,height,true
white,1173,453.26,349068.47,0.69,nh4,fvc,4,height,true
black,708,518.45,439302.53,0.45,nh4,fvc,4,height,true
asian,198,514.68,403500.24,0.54,nh4,fvc,4,height,true
hispanic,1230,530.36,465933.30,0.51,nh4,fvc,4,height,true
other,154,478.50,379573.12,0.60,nh4,fvc,4,height,true
All,46958,430.18,317299.76,0.64,ukb_val,fvc,4,sit_height,false
white,44562,421.52,305827.04,0.64,ukb_val,fvc,4,sit_height,false
black,609,670.22,632093.93,0.03,ukb_val,fvc,4,sit_height,false
asian,1051,625.76,576750.50,0.12,ukb_val,fvc,4,sit_height,false
other,736,476.80,380961.54,0.57,ukb_val,fvc,4,sit_height,false
All,46958,419.05,301977.02,0.66,ukb_val,fvc,5,sit_height,true
white,44562,419.50,302725.65,0.65,ukb_val,fvc,5,sit_height,true
black,609,390.91,254099.17,0.61,ukb_val,fvc,5,sit_height,true
asian,1051,393.76,265556.94,0.60,ukb_val,fvc,5,sit_height,true
other,736,451.12,348274.25,0.60,ukb_val,fvc,5,sit_height,true
All,7323,500.04,408032.02,0.62,nh,fvc,4,sit_height,false
white,2466,475.86,372554.99,0.69,nh,fvc,4,sit_height,false
black,1828,515.33,438291.02,0.48,nh,fvc,4,sit_height,false
asian,198,425.74,303030.67,0.66,nh,fvc,4,sit_height,false
hispanic,2489,520.71,434665.72,0.54,nh,fvc,4,sit_height,false
other,342,485.22,369060.94,0.63,nh,fvc,4,sit_height,false
All,7323,498.56,405445.63,0.62,nh,fvc,5,sit_height,true
white,2466,447.36,334623.59,0.72,nh,fvc,5,sit_height,true
black,1828,511.82,430796.34,0.49,nh,fvc,5,sit_height,true
asian,198,526.27,431145.87,0.51,nh,fvc,5,sit_height,true
hispanic,2489,542.19,464075.40,0.51,nh,fvc,5,sit_height,true
other,342,463.42,339035.99,0.66,nh,fvc,5,sit_height,true
All,3860,510.32,423665.76,0.60,nh3,fvc,4,sit_height,false
white,1293,475.05,374805.94,0.70,nh3,fvc,4,sit_height,false
black,1120,525.18,449595.08,0.48,nh3,fvc,4,sit_height,false
hispanic,1259,536.19,457996.83,0.51,nh3,fvc,4,sit_height,false
other,188,491.15,375325.78,0.62,nh3,fvc,4,sit_height,false
All,3860,501.42,409516.21,0.62,nh3,fvc,5,sit_height,true
white,1293,449.03,336568.70,0.73,nh3,fvc,5,sit_height,true
black,1120,514.13,434858.11,0.49,nh3,fvc,5,sit_height,true
hispanic,1259,549.01,470930.04,0.50,nh3,fvc,5,sit_height,true
other,188,467.42,348974.72,0.65,nh3,fvc,5,sit_height,true
All,3463,644.48,671525.49,0.36,nh4,fvc,4,sit_height,false
white,1173,552.29,502669.66,0.56,nh4,fvc,4,sit_height,false
black,708,923.14,1231620.85,-0.54,nh4,fvc,4,sit_height,false
asian,198,687.36,753113.00,0.15,nh4,fvc,4,sit_height,false
hispanic,1230,570.10,506482.20,0.47,nh4,fvc,4,sit_height,false
other,154,604.53,596001.40,0.37,nh4,fvc,4,sit_height,false
All,3463,619.96,609539.44,0.42,nh4,fvc,5,sit_height,true
white,1173,765.53,873740.55,0.23,nh4,fvc,5,sit_height,true
black,708,639.25,628831.31,0.22,nh4,fvc,5,sit_height,true
asian,198,516.09,433214.29,0.51,nh4,fvc,5,sit_height,true
hispanic,1230,495.40,394163.77,0.58,nh4,fvc,5,sit_height,true
other,154,550.93,455370.14,0.52,nh4,fvc,5,sit_height,true
All,46958,417.32,299173.81,0.66,ukb_val,fvc,5,waist_circ,false
white,44562,408.94,288157.24,0.67,ukb_val,fvc,5,waist_circ,false
black,609,636.86,584645.64,0.10,ukb_val,fvc,5,waist_circ,false
asian,1051,614.16,556626.48,0.15,ukb_val,fvc,5,waist_circ,false
other,736,462.44,362333.16,0.59,ukb_val,fvc,5,waist_circ,false
All,46958,406.76,285094.57,0.67,ukb_val,fvc,6,waist_circ,true
white,44562,406.95,285517.25,0.67,ukb_val,fvc,6,waist_circ,true
black,609,384.57,247430.98,0.62,ukb_val,fvc,6,waist_circ,true
asian,1051,384.18,254334.03,0.61,ukb_val,fvc,6,waist_circ,true
other,736,445.76,334592.93,0.62,ukb_val,fvc,6,waist_circ,true
All,7323,497.82,404283.14,0.62,nh,fvc,5,waist_circ,false
white,2466,487.15,388190.02,0.68,nh,fvc,5,waist_circ,false
black,1828,473.50,378810.11,0.55,nh,fvc,5,waist_circ,false
asian,198,433.30,304189.13,0.66,nh,fvc,5,waist_circ,false
hispanic,2489,532.59,449278.91,0.53,nh,fvc,5,waist_circ,false
other,342,488.90,386957.12,0.61,nh,fvc,5,waist_circ,false
All,7323,532.58,455318.87,0.57,nh,fvc,6,waist_circ,true
white,2466,452.64,341358.17,0.72,nh,fvc,6,waist_circ,true
black,1828,525.56,450625.24,0.46,nh,fvc,6,waist_circ,true
asian,198,485.94,391746.65,0.56,nh,fvc,6,waist_circ,true
hispanic,2489,626.02,584943.55,0.38,nh,fvc,6,waist_circ,true
other,342,493.55,395548.40,0.60,nh,fvc,6,waist_circ,true
All,3860,496.78,398659.31,0.63,nh3,fvc,5,waist_circ,false
white,1293,468.23,360372.79,0.71,nh3,fvc,5,waist_circ,false
black,1120,489.95,399566.91,0.54,nh3,fvc,5,waist_circ,false
hispanic,1259,531.79,437020.61,0.53,nh3,fvc,5,waist_circ,false
other,188,499.38,399675.62,0.59,nh3,fvc,5,waist_circ,false
All,3860,517.76,426090.62,0.60,nh3,fvc,6,waist_circ,true
white,1293,439.97,319842.87,0.74,nh3,fvc,6,waist_circ,true
black,1120,513.31,423279.61,0.51,nh3,fvc,6,waist_circ,true
hispanic,1259,607.99,546597.17,0.42,nh3,fvc,6,waist_circ,true
other,188,475.14,366563.64,0.63,nh3,fvc,6,waist_circ,true
All,3463,601.26,598657.28,0.43,nh4,fvc,5,waist_circ,false
white,1173,507.48,436265.67,0.62,nh4,fvc,5,waist_circ,false
black,708,895.26,1135856.21,-0.42,nh4,fvc,5,waist_circ,false
asian,198,730.69,792313.10,0.11,nh4,fvc,5,waist_circ,false
hispanic,1230,496.48,408869.46,0.57,nh4,fvc,5,waist_circ,false
other,154,634.32,632707.21,0.33,nh4,fvc,5,waist_circ,false
All,3463,560.99,501854.67,0.52,nh4,fvc,6,waist_circ,true
white,1173,630.82,607675.93,0.47,nh4,fvc,6,waist_circ,true
black,708,565.49,504601.21,0.37,nh4,fvc,6,waist_circ,true
asian,198,511.97,406936.14,0.54,nh4,fvc,6,waist_circ,true
hispanic,1230,501.73,417523.58,0.56,nh4,fvc,6,waist_circ,true
other,154,544.71,478791.05,0.49,nh4,fvc,6,waist_circ,true
All,46958,412.30,292053.88,0.67,ukb_val,fvc,6,immigrant,false
white,44562,409.57,288637.12,0.66,ukb_val,fvc,6,immigrant,false
black,609,496.29,384629.63,0.41,ukb_val,fvc,6,immigrant,false
asian,1051,463.62,363128.56,0.45,ukb_val,fvc,6,immigrant,false
other,736,435.31,320830.55,0.64,ukb_val,fvc,6,immigrant,false
All,46958,406.37,284594.66,0.68,ukb_val,fvc,7,immigrant,true
white,44562,406.68,285115.24,0.67,ukb_val,fvc,7,immigrant,true
black,609,382.39,242193.18,0.63,ukb_val,fvc,7,immigrant,true
asian,1051,384.30,255857.17,0.61,ukb_val,fvc,7,immigrant,true
other,736,438.84,329197.21,0.63,ukb_val,fvc,7,immigrant,true
All,7323,541.60,485337.33,0.54,nh,fvc,6,immigrant,false
white,2466,472.74,372158.72,0.69,nh,fvc,6,immigrant,false
black,1828,481.60,391371.30,0.53,nh,fvc,6,immigrant,false
asian,198,412.74,280985.22,0.68,nh,fvc,6,immigrant,false
hispanic,2489,669.73,691277.20,0.27,nh,fvc,6,immigrant,false
other,342,500.82,423190.38,0.57,nh,fvc,6,immigrant,false
All,7323,525.63,450839.07,0.58,nh,fvc,7,immigrant,true
white,2466,450.03,334980.25,0.72,nh,fvc,7,immigrant,true
black,1828,486.47,399664.23,0.52,nh,fvc,7,immigrant,true
asian,198,504.79,402311.11,0.55,nh,fvc,7,immigrant,true
hispanic,2489,634.35,611721.65,0.35,nh,fvc,7,immigrant,true
other,342,500.95,417000.62,0.58,nh,fvc,7,immigrant,true
All,3860,532.36,468730.64,0.56,nh3,fvc,6,immigrant,false
white,1293,456.95,344572.86,0.72,nh3,fvc,6,immigrant,false
black,1120,493.82,407865.99,0.53,nh3,fvc,6,immigrant,false
hispanic,1259,646.80,652672.39,0.30,nh3,fvc,6,immigrant,false
other,188,514.21,453420.85,0.54,nh3,fvc,6,immigrant,false
All,3860,507.84,421474.30,0.61,nh3,fvc,7,immigrant,true
white,1293,440.55,318580.66,0.74,nh3,fvc,7,immigrant,true
black,1120,475.39,379139.90,0.56,nh3,fvc,7,immigrant,true
hispanic,1259,608.70,568529.75,0.39,nh3,fvc,7,immigrant,true
other,188,488.58,396544.59,0.60,nh3,fvc,7,immigrant,true
All,3463,627.93,623981.10,0.41,nh4,fvc,6,immigrant,false
white,1173,530.51,439811.07,0.61,nh4,fvc,6,immigrant,false
black,708,908.05,1132398.81,-0.41,nh4,fvc,6,immigrant,false
asian,198,585.59,534996.65,0.40,nh4,fvc,6,immigrant,false
hispanic,1230,581.33,547019.60,0.42,nh4,fvc,6,immigrant,false
other,154,508.70,418482.78,0.56,nh4,fvc,6,immigrant,false
All,3463,656.83,659371.97,0.37,nh4,fvc,7,immigrant,true
white,1173,723.36,737884.06,0.35,nh4,fvc,7,immigrant,true
black,708,865.75,1013557.28,-0.26,nh4,fvc,7,immigrant,true
asian,198,776.07,861528.29,0.03,nh4,fvc,7,immigrant,true
hispanic,1230,467.17,370833.16,0.61,nh4,fvc,7,immigrant,true
other,154,551.02,477669.99,0.50,nh4,fvc,7,immigrant,true
All,46958,412.01,291972.82,0.67,ukb_val,fvc,7,hs_grad,false
white,44562,409.31,288634.27,0.66,ukb_val,fvc,7,hs_grad,false
black,609,494.93,383405.10,0.41,ukb_val,fvc,7,hs_grad,false
asian,1051,462.00,360435.14,0.45,ukb_val,fvc,7,hs_grad,false
other,736,435.12,320690.73,0.64,ukb_val,fvc,7,hs_grad,false
All,46958,406.49,284801.97,0.67,ukb_val,fvc,8,hs_grad,true
white,44562,406.86,285437.88,0.67,ukb_val,fvc,8,hs_grad,true
black,609,378.88,234815.14,0.64,ukb_val,fvc,8,hs_grad,true
asian,1051,391.68,262804.84,0.60,ukb_val,fvc,8,hs_grad,true
other,736,428.53,319072.95,0.64,ukb_val,fvc,8,hs_grad,true
All,7323,549.08,497420.91,0.53,nh,fvc,7,hs_grad,false
white,2466,475.51,371481.29,0.69,nh,fvc,7,hs_grad,false
black,1828,479.26,384708.91,0.54,nh,fvc,7,hs_grad,false
asian,198,414.09,279988.96,0.68,nh,fvc,7,hs_grad,false
hispanic,2489,688.65,732076.82,0.23,nh,fvc,7,hs_grad,false
other,342,515.17,426068.85,0.57,nh,fvc,7,hs_grad,false
All,7323,535.93,466575.55,0.56,nh,fvc,8,hs_grad,true
white,2466,453.83,342912.16,0.71,nh,fvc,8,hs_grad,true
black,1828,501.98,412397.77,0.51,nh,fvc,8,hs_grad,true
asian,198,499.76,402983.67,0.54,nh,fvc,8,hs_grad,true
hispanic,2489,650.62,641624.01,0.32,nh,fvc,8,hs_grad,true
other,342,495.61,410688.15,0.58,nh,fvc,8,hs_grad,true
All,3860,544.16,488996.72,0.54,nh3,fvc,7,hs_grad,false
white,1293,465.53,355807.50,0.71,nh3,fvc,7,hs_grad,false
black,1120,495.46,403862.60,0.53,nh3,fvc,7,hs_grad,false
hispanic,1259,668.25,703181.13,0.25,nh3,fvc,7,hs_grad,false
other,188,544.04,477856.79,0.51,nh3,fvc,7,hs_grad,false
All,3860,513.36,427331.87,0.60,nh3,fvc,8,hs_grad,true
white,1293,441.34,323701.82,0.74,nh3,fvc,8,hs_grad,true
black,1120,487.87,387299.01,0.55,nh3,fvc,8,hs_grad,true
hispanic,1259,614.10,573783.43,0.39,nh3,fvc,8,hs_grad,true
other,188,485.96,397799.73,0.60,nh3,fvc,8,hs_grad,true
All,3463,568.62,533079.20,0.49,nh4,fvc,7,hs_grad,false
white,1173,487.21,401481.07,0.65,nh4,fvc,7,hs_grad,false
black,708,682.84,739602.23,0.08,nh4,fvc,7,hs_grad,false
asian,198,506.50,394337.30,0.55,nh4,fvc,7,hs_grad,false
hispanic,1230,603.88,586881.89,0.38,nh4,fvc,7,hs_grad,false
other,154,461.75,334636.83,0.65,nh4,fvc,7,hs_grad,false
All,3463,567.46,529248.33,0.50,nh4,fvc,8,hs_grad,true
white,1173,546.76,469842.70,0.59,nh4,fvc,8,hs_grad,true
black,708,615.92,601174.94,0.25,nh4,fvc,8,hs_grad,true
asian,198,542.08,452021.22,0.49,nh4,fvc,8,hs_grad,true
hispanic,1230,567.44,566079.64,0.40,nh4,fvc,8,hs_grad,true
other,154,535.19,456178.29,0.52,nh4,fvc,8,hs_grad,true
All,46958,411.94,292018.11,0.67,ukb_val,fvc,8,smoke_exposure,false
white,44562,409.32,288855.00,0.66,ukb_val,fvc,8,smoke_exposure,false
black,609,492.97,379680.33,0.42,ukb_val,fvc,8,smoke_exposure,false
asian,1051,461.04,358066.12,0.45,ukb_val,fvc,8,smoke_exposure,false
other,736,433.61,316681.26,0.64,ukb_val,fvc,8,smoke_exposure,false
All,46958,407.00,285478.71,0.67,ukb_val,fvc,9,smoke_exposure,true
white,44562,407.34,286076.04,0.67,ukb_val,fvc,9,smoke_exposure,true
black,609,382.41,239293.37,0.63,ukb_val,fvc,9,smoke_exposure,true
asian,1051,389.17,260046.23,0.60,ukb_val,fvc,9,smoke_exposure,true
other,736,432.03,323845.53,0.63,ukb_val,fvc,9,smoke_exposure,true
All,7323,556.58,514278.34,0.52,nh,fvc,8,smoke_exposure,false
white,2466,474.79,375793.84,0.69,nh,fvc,8,smoke_exposure,false
black,1828,486.47,394469.39,0.53,nh,fvc,8,smoke_exposure,false
asian,198,407.44,262124.02,0.70,nh,fvc,8,smoke_exposure,false
hispanic,2489,705.61,768323.74,0.19,nh,fvc,8,smoke_exposure,false
other,342,522.74,450304.95,0.54,nh,fvc,8,smoke_exposure,false
All,7323,539.33,473471.58,0.55,nh,fvc,9,smoke_exposure,true
white,2466,456.71,346620.46,0.71,nh,fvc,9,smoke_exposure,true
black,1828,503.35,422663.11,0.50,nh,fvc,9,smoke_exposure,true
asian,198,512.91,417329.02,0.53,nh,fvc,9,smoke_exposure,true
hispanic,2489,653.92,647219.58,0.32,nh,fvc,9,smoke_exposure,true
other,342,508.61,427712.06,0.57,nh,fvc,9,smoke_exposure,true
All,3860,555.81,514634.27,0.52,nh3,fvc,8,smoke_exposure,false
white,1293,463.94,357301.41,0.71,nh3,fvc,8,smoke_exposure,false
black,1120,498.51,408855.09,0.52,nh3,fvc,8,smoke_exposure,false
hispanic,1259,700.09,770523.18,0.18,nh3,fvc,8,smoke_exposure,false
other,188,562.79,513250.88,0.48,nh3,fvc,8,smoke_exposure,false
All,3860,517.06,433001.68,0.60,nh3,fvc,9,smoke_exposure,true
white,1293,444.08,322403.65,0.74,nh3,fvc,9,smoke_exposure,true
black,1120,484.95,385702.36,0.55,nh3,fvc,9,smoke_exposure,true
hispanic,1259,622.98,590277.54,0.37,nh3,fvc,9,smoke_exposure,true
other,188,501.09,422194.04,0.57,nh3,fvc,9,smoke_exposure,true
All,3463,620.52,629608.76,0.40,nh4,fvc,8,smoke_exposure,false
white,1173,519.95,435167.61,0.62,nh4,fvc,8,smoke_exposure,false
black,708,683.64,739585.51,0.08,nh4,fvc,8,smoke_exposure,false
asian,198,482.12,381584.82,0.57,nh4,fvc,8,smoke_exposure,false
hispanic,1230,714.32,815258.50,0.14,nh4,fvc,8,smoke_exposure,false
other,154,525.16,441137.94,0.53,nh4,fvc,8,smoke_exposure,false
All,3463,504.87,424806.72,0.60,nh4,fvc,9,smoke_exposure,true
white,1173,480.21,380273.49,0.67,nh4,fvc,9,smoke_exposure,true
black,708,502.10,435617.52,0.46,nh4,fvc,9,smoke_exposure,true
asian,198,421.87,283437.56,0.68,nh4,fvc,9,smoke_exposure,true
hispanic,1230,549.22,495746.00,0.48,nh4,fvc,9,smoke_exposure,true
other,154,457.90,329476.89,0.65,nh4,fvc,9,smoke_exposure,true
All,46958,351.98,212979.17,0.60,ukb_val,fev1,3,height,false
white,44562,344.42,204514.85,0.61,ukb_val,fev1,3,height,false
black,609,570.59,460875.44,-0.05,ukb_val,fev1,3,height,false
asian,1051,517.47,390807.58,0.07,ukb_val,fev1,3,height,false
other,736,392.70,266403.94,0.50,ukb_val,fev1,3,height,false
All,46958,343.21,203027.28,0.62,ukb_val,fev1,4,height,true
white,44562,343.08,203167.63,0.62,ukb_val,fev1,4,height,true
black,609,336.82,187559.14,0.57,ukb_val,fev1,4,height,true
asian,1051,322.32,173347.71,0.59,ukb_val,fev1,4,height,true
other,736,386.31,249710.56,0.53,ukb_val,fev1,4,height,true
All,7323,447.90,323662.24,0.55,nh,fev1,3,height,false
white,2466,456.56,336623.24,0.59,nh,fev1,3,height,false
black,1828,387.24,251012.56,0.58,nh,fev1,3,height,false
asian,198,381.19,239765.63,0.64,nh,fev1,3,height,false
hispanic,2489,492.13,374863.13,0.43,nh,fev1,3,height,false
other,342,426.40,294464.42,0.58,nh,fev1,3,height,false
All,7323,513.75,410845.41,0.43,nh,fev1,4,height,true
white,2466,418.69,285732.89,0.65,nh,fev1,4,height,true
black,1828,526.26,429329.20,0.28,nh,fev1,4,height,true
asian,198,548.52,437982.34,0.34,nh,fev1,4,height,true
hispanic,2489,601.73,525299.06,0.20,nh,fev1,4,height,true
other,342,471.76,365497.20,0.47,nh,fev1,4,height,true
All,3860,458.99,337285.18,0.54,nh3,fev1,3,height,false
white,1293,454.38,334598.09,0.60,nh3,fev1,3,height,false
black,1120,382.70,244304.40,0.60,nh3,fev1,3,height,false
hispanic,1259,538.88,431798.38,0.34,nh3,fev1,3,height,false
other,188,410.12,276757.27,0.60,nh3,fev1,3,height,false
All,3860,532.35,437299.31,0.40,nh3,fev1,4,height,true
white,1293,413.28,280605.29,0.66,nh3,fev1,4,height,true
black,1120,540.78,448046.01,0.26,nh3,fev1,4,height,true
hispanic,1259,658.39,602828.41,0.08,nh3,fev1,4,height,true
other,188,456.84,342447.85,0.50,nh3,fev1,4,height,true
All,3463,435.55,308477.57,0.57,nh4,fev1,3,height,false
white,1173,458.97,338855.57,0.57,nh4,fev1,3,height,false
black,708,394.43,261624.33,0.55,nh4,fev1,3,height,false
asian,198,381.19,239765.63,0.64,nh4,fev1,3,height,false
hispanic,1230,444.28,316585.49,0.51,nh4,fev1,3,height,false
other,154,446.28,316080.93,0.54,nh4,fev1,3,height,false
All,3463,493.01,381358.83,0.47,nh4,fev1,4,height,true
white,1173,424.65,291385.05,0.63,nh4,fev1,4,height,true
black,708,503.29,399720.67,0.31,nh4,fev1,4,height,true
asian,198,548.52,437982.34,0.34,nh4,fev1,4,height,true
hispanic,1230,543.73,445941.78,0.30,nh4,fev1,4,height,true
other,154,489.99,393635.37,0.43,nh4,fev1,4,height,true
All,46958,350.84,211690.18,0.60,ukb_val,fev1,4,sit_height,false
white,44562,345.07,205446.81,0.61,ukb_val,fev1,4,sit_height,false
black,609,512.09,386019.93,0.12,ukb_val,fev1,4,sit_height,false
asian,1051,482.12,349391.75,0.17,ukb_val,fev1,4,sit_height,false
other,736,379.54,248817.38,0.53,ukb_val,fev1,4,sit_height,false
All,46958,343.38,203324.36,0.62,ukb_val,fev1,5,sit_height,true
white,44562,343.47,203650.17,0.61,ukb_val,fev1,5,sit_height,true
black,609,338.49,190992.35,0.56,ukb_val,fev1,5,sit_height,true
asian,1051,318.88,170962.95,0.59,ukb_val,fev1,5,sit_height,true
other,736,376.50,240013.51,0.55,ukb_val,fev1,5,sit_height,true
All,7323,442.93,316112.66,0.56,nh,fev1,4,sit_height,false
white,2466,438.81,313920.93,0.61,nh,fev1,4,sit_height,false
black,1828,375.56,237153.78,0.60,nh,fev1,4,sit_height,false
asian,198,374.87,239962.91,0.64,nh,fev1,4,sit_height,false
hispanic,2489,504.09,385899.02,0.41,nh,fev1,4,sit_height,false
other,342,427.03,290150.91,0.58,nh,fev1,4,sit_height,false
All,7323,491.48,380149.35,0.47,nh,fev1,5,sit_height,true
white,2466,410.54,276475.48,0.66,nh,fev1,5,sit_height,true
black,1828,502.47,407316.84,0.32,nh,fev1,5,sit_height,true
asian,198,570.31,471754.41,0.29,nh,fev1,5,sit_height,true
hispanic,2489,562.88,462089.98,0.29,nh,fev1,5,sit_height,true
other,342,451.16,333101.31,0.52,nh,fev1,5,sit_height,true
All,3860,453.77,328329.69,0.55,nh3,fev1,4,sit_height,false
white,1293,435.36,310031.27,0.63,nh3,fev1,4,sit_height,false
black,1120,379.80,238015.64,0.61,nh3,fev1,4,sit_height,false
hispanic,1259,545.38,436212.04,0.33,nh3,fev1,4,sit_height,false
other,188,407.71,269753.77,0.61,nh3,fev1,4,sit_height,false
All,3860,508.15,403409.39,0.44,nh3,fev1,5,sit_height,true
white,1293,408.40,276273.66,0.67,nh3,fev1,5,sit_height,true
black,1120,519.36,426907.80,0.30,nh3,fev1,5,sit_height,true
hispanic,1259,611.00,526665.35,0.19,nh3,fev1,5,sit_height,true
other,188,438.60,312393.56,0.55,nh3,fev1,5,sit_height,true
All,3463,465.68,345218.66,0.52,nh4,fev1,4,sit_height,false
white,1173,419.90,280467.21,0.64,nh4,fev1,4,sit_height,false
black,708,601.40,532988.69,0.09,nh4,fev1,4,sit_height,false
asian,198,470.45,361113.78,0.46,nh4,fev1,4,sit_height,false
hispanic,1230,427.40,294665.46,0.54,nh4,fev1,4,sit_height,false
other,154,489.87,358500.92,0.48,nh4,fev1,4,sit_height,false
All,3463,438.12,310469.57,0.57,nh4,fev1,5,sit_height,true
white,1173,436.77,294635.72,0.63,nh4,fev1,5,sit_height,true
black,708,487.49,382294.33,0.34,nh4,fev1,5,sit_height,true
asian,198,469.71,369174.78,0.45,nh4,fev1,5,sit_height,true
hispanic,1230,405.70,275050.71,0.57,nh4,fev1,5,sit_height,true
other,154,439.74,308279.52,0.55,nh4,fev1,5,sit_height,true
All,46958,345.69,205105.95,0.62,ukb_val,fev1,5,waist_circ,false
white,44562,340.26,199266.69,0.62,ukb_val,fev1,5,waist_circ,false
black,609,488.34,356802.83,0.18,ukb_val,fev1,5,waist_circ,false
asian,1051,475.82,341543.56,0.18,ukb_val,fev1,5,waist_circ,false
other,736,370.40,238298.77,0.55,ukb_val,fev1,5,waist_circ,false
All,46958,338.11,196757.57,0.63,ukb_val,fev1,6,waist_circ,true
white,44562,338.22,197191.37,0.63,ukb_val,fev1,6,waist_circ,true
black,609,328.47,178770.50,0.59,ukb_val,fev1,6,waist_circ,true
asian,1051,315.48,164865.72,0.61,ukb_val,fev1,6,waist_circ,true
other,736,371.49,230917.07,0.57,ukb_val,fev1,6,waist_circ,true
All,7323,452.15,327521.92,0.55,nh,fev1,5,waist_circ,false
white,2466,445.76,322584.91,0.60,nh,fev1,5,waist_circ,false
black,1828,361.25,221879.21,0.63,nh,fev1,5,waist_circ,false
asian,198,354.63,208846.03,0.69,nh,fev1,5,waist_circ,false
hispanic,2489,536.55,424850.04,0.35,nh,fev1,5,waist_circ,false
other,342,426.38,288158.42,0.59,nh,fev1,5,waist_circ,false
All,7323,525.03,427459.80,0.41,nh,fev1,6,waist_circ,true
white,2466,418.48,286647.35,0.65,nh,fev1,6,waist_circ,true
black,1828,516.43,417911.00,0.30,nh,fev1,6,waist_circ,true
asian,198,512.10,403034.37,0.40,nh,fev1,6,waist_circ,true
hispanic,2489,645.03,585780.68,0.11,nh,fev1,6,waist_circ,true
other,342,473.42,355747.15,0.49,nh,fev1,6,waist_circ,true
All,3860,452.09,327092.61,0.55,nh3,fev1,5,waist_circ,false
white,1293,427.62,300058.59,0.64,nh3,fev1,5,waist_circ,false
black,1120,363.29,222005.74,0.64,nh3,fev1,5,waist_circ,false
hispanic,1259,564.48,459909.24,0.30,nh3,fev1,5,waist_circ,false
other,188,396.78,249625.30,0.64,nh3,fev1,5,waist_circ,false
All,3860,525.89,430919.93,0.41,nh3,fev1,6,waist_circ,true
white,1293,398.46,265729.38,0.68,nh3,fev1,6,waist_circ,true
black,1120,517.06,415576.56,0.32,nh3,fev1,6,waist_circ,true
hispanic,1259,676.65,631720.13,0.03,nh3,fev1,6,waist_circ,true
other,188,445.35,313731.23,0.54,nh3,fev1,6,waist_circ,true
All,3463,467.39,346516.85,0.52,nh4,fev1,5,waist_circ,false
white,1173,433.06,301227.35,0.62,nh4,fev1,5,waist_circ,false
black,708,639.19,576470.85,0.01,nh4,fev1,5,waist_circ,false
asian,198,522.14,430438.05,0.35,nh4,fev1,5,waist_circ,false
hispanic,1230,390.23,242094.44,0.62,nh4,fev1,5,waist_circ,false
other,154,484.84,360415.01,0.47,nh4,fev1,5,waist_circ,false
All,3463,537.71,473244.44,0.34,nh4,fev1,6,waist_circ,true
white,1173,534.37,427298.21,0.46,nh4,fev1,6,waist_circ,true
black,708,562.79,527982.89,0.09,nh4,fev1,6,waist_circ,true
asian,198,504.36,413874.56,0.38,nh4,fev1,6,waist_circ,true
hispanic,1230,523.71,483371.97,0.25,nh4,fev1,6,waist_circ,true
other,154,602.55,567000.88,0.17,nh4,fev1,6,waist_circ,true
All,46958,341.63,200414.60,0.63,ukb_val,fev1,6,immigrant,false
white,44562,340.03,199012.16,0.62,ukb_val,fev1,6,immigrant,false
black,609,396.68,247000.38,0.44,ukb_val,fev1,6,immigrant,false
asian,1051,365.80,223579.96,0.47,ukb_val,fev1,6,immigrant,false
other,736,358.01,213700.30,0.60,ukb_val,fev1,6,immigrant,false
All,46958,337.94,196578.20,0.63,ukb_val,fev1,7,immigrant,true
white,44562,338.05,197049.77,0.63,ukb_val,fev1,7,immigrant,true
black,609,327.96,176319.69,0.60,ukb_val,fev1,7,immigrant,true
asian,1051,314.77,165518.03,0.60,ukb_val,fev1,7,immigrant,true
other,736,372.19,229142.66,0.57,ukb_val,fev1,7,immigrant,true
All,7323,490.08,385404.61,0.47,nh,fev1,6,immigrant,false
white,2466,441.09,311890.50,0.62,nh,fev1,6,immigrant,false
black,1828,366.37,227670.91,0.62,nh,fev1,6,immigrant,false
asian,198,402.74,251339.68,0.62,nh,fev1,6,immigrant,false
hispanic,2489,637.98,587474.35,0.10,nh,fev1,6,immigrant,false
other,342,478.79,365569.10,0.47,nh,fev1,6,immigrant,false
All,7323,525.33,431637.34,0.40,nh,fev1,7,immigrant,true
white,2466,421.60,296132.44,0.64,nh,fev1,7,immigrant,true
black,1828,489.28,383337.75,0.36,nh,fev1,7,immigrant,true
asian,198,505.68,391273.22,0.41,nh,fev1,7,immigrant,true
hispanic,2489,660.26,609827.61,0.07,nh,fev1,7,immigrant,true
other,342,495.42,393401.18,0.43,nh,fev1,7,immigrant,true
All,3860,477.39,371881.40,0.49,nh3,fev1,6,immigrant,false
white,1293,418.27,286319.62,0.66,nh3,fev1,6,immigrant,false
black,1120,363.59,220960.31,0.64,nh3,fev1,6,immigrant,false
hispanic,1259,640.11,595192.70,0.09,nh3,fev1,6,immigrant,false
other,188,472.26,363977.48,0.47,nh3,fev1,6,immigrant,false
All,3860,519.46,426388.79,0.41,nh3,fev1,7,immigrant,true
white,1293,400.04,270863.84,0.68,nh3,fev1,7,immigrant,true
black,1120,485.64,373976.70,0.39,nh3,fev1,7,immigrant,true
hispanic,1259,678.21,640455.88,0.02,nh3,fev1,7,immigrant,true
other,188,479.04,374712.48,0.46,nh3,fev1,7,immigrant,true
All,3463,486.24,377859.55,0.47,nh4,fev1,6,immigrant,false
white,1173,431.91,307096.20,0.61,nh4,fev1,6,immigrant,false
black,708,541.93,438025.57,0.25,nh4,fev1,6,immigrant,false
asian,198,456.46,322189.48,0.52,nh4,fev1,6,immigrant,false
hispanic,1230,516.97,426752.23,0.33,nh4,fev1,6,immigrant,false
other,154,436.85,321317.68,0.53,nh4,fev1,6,immigrant,false
All,3463,487.40,367139.46,0.49,nh4,fev1,7,immigrant,true
white,1173,524.71,404337.34,0.49,nh4,fev1,7,immigrant,true
black,708,491.98,359248.25,0.38,nh4,fev1,7,immigrant,true
asian,198,528.21,413779.74,0.38,nh4,fev1,7,immigrant,true
hispanic,1230,439.11,325395.87,0.49,nh4,fev1,7,immigrant,true
other,154,515.23,393527.11,0.43,nh4,fev1,7,immigrant,true
All,46958,341.80,200635.37,0.63,ukb_val,fev1,7,hs_grad,false
white,44562,340.29,199295.67,0.62,ukb_val,fev1,7,hs_grad,false
black,609,391.11,243551.22,0.44,ukb_val,fev1,7,hs_grad,false
asian,1051,365.59,221691.02,0.47,ukb_val,fev1,7,hs_grad,false
other,736,358.47,216171.26,0.59,ukb_val,fev1,7,hs_grad,false
All,46958,338.12,196802.38,0.63,ukb_val,fev1,8,hs_grad,true
white,44562,338.35,197387.96,0.63,ukb_val,fev1,8,hs_grad,true
black,609,329.62,180390.09,0.59,ukb_val,fev1,8,hs_grad,true
asian,1051,315.63,167498.27,0.60,ukb_val,fev1,8,hs_grad,true
other,736,363.38,216774.02,0.59,ukb_val,fev1,8,hs_grad,true
All,7323,487.79,384560.75,0.47,nh,fev1,7,hs_grad,false
white,2466,437.16,310711.68,0.62,nh,fev1,7,hs_grad,false
black,1828,359.52,219146.16,0.63,nh,fev1,7,hs_grad,false
asian,198,384.78,229080.56,0.66,nh,fev1,7,hs_grad,false
hispanic,2489,644.14,598451.73,0.09,nh,fev1,7,hs_grad,false
other,342,460.34,334561.23,0.52,nh,fev1,7,hs_grad,false
All,7323,522.43,423233.16,0.41,nh,fev1,8,hs_grad,true
white,2466,415.31,284709.21,0.65,nh,fev1,8,hs_grad,true
black,1828,489.59,381531.03,0.36,nh,fev1,8,hs_grad,true
asian,198,505.91,384564.20,0.42,nh,fev1,8,hs_grad,true
hispanic,2489,660.75,603374.98,0.08,nh,fev1,8,hs_grad,true
other,342,473.33,356318.09,0.49,nh,fev1,8,hs_grad,true
All,3860,484.37,384396.17,0.47,nh3,fev1,7,hs_grad,false
white,1293,422.54,295431.77,0.65,nh3,fev1,7,hs_grad,false
black,1120,361.52,219584.00,0.64,nh3,fev1,7,hs_grad,false
hispanic,1259,661.05,629760.02,0.04,nh3,fev1,7,hs_grad,false
other,188,458.28,334968.14,0.51,nh3,fev1,7,hs_grad,false
All,3860,520.54,424739.80,0.41,nh3,fev1,8,hs_grad,true
white,1293,398.23,266122.28,0.68,nh3,fev1,8,hs_grad,true
black,1120,490.43,382812.89,0.37,nh3,fev1,8,hs_grad,true
hispanic,1259,682.09,637223.19,0.02,nh3,fev1,8,hs_grad,true
other,188,459.31,342473.92,0.50,nh3,fev1,8,hs_grad,true
All,3463,530.03,457700.73,0.36,nh4,fev1,7,hs_grad,false
white,1173,464.38,355365.32,0.55,nh4,fev1,7,hs_grad,false
black,708,538.11,435901.80,0.25,nh4,fev1,7,hs_grad,false
asian,198,442.36,314859.91,0.53,nh4,fev1,7,hs_grad,false
hispanic,1230,601.22,589725.72,0.08,nh4,fev1,7,hs_grad,false
other,154,537.02,466563.25,0.32,nh4,fev1,7,hs_grad,false
All,3463,448.54,329642.79,0.54,nh4,fev1,8,hs_grad,true
white,1173,455.87,329737.88,0.58,nh4,fev1,8,hs_grad,true
black,708,417.06,289454.77,0.50,nh4,fev1,8,hs_grad,true
asian,198,438.93,333546.27,0.50,nh4,fev1,8,hs_grad,true
hispanic,1230,458.77,350225.40,0.45,nh4,fev1,8,hs_grad,true
other,154,468.13,344266.61,0.50,nh4,fev1,8,hs_grad,true
All,46958,341.43,200344.88,0.63,ukb_val,fev1,8,smoke_exposure,false
white,44562,339.91,198976.68,0.62,ukb_val,fev1,8,smoke_exposure,false
black,609,389.41,243883.64,0.44,ukb_val,fev1,8,smoke_exposure,false
asian,1051,365.97,222900.87,0.47,ukb_val,fev1,8,smoke_exposure,false
other,736,358.76,214948.30,0.60,ukb_val,fev1,8,smoke_exposure,false
All,46958,338.42,197102.50,0.63,ukb_val,fev1,9,smoke_exposure,true
white,44562,338.62,197668.08,0.63,ukb_val,fev1,9,smoke_exposure,true
black,609,327.29,176244.60,0.60,ukb_val,fev1,9,smoke_exposure,true
asian,1051,317.72,168187.99,0.60,ukb_val,fev1,9,smoke_exposure,true
other,736,365.27,221406.81,0.58,ukb_val,fev1,9,smoke_exposure,true
All,7323,498.23,404610.39,0.44,nh,fev1,8,smoke_exposure,false
white,2466,436.87,310642.32,0.62,nh,fev1,8,smoke_exposure,false
black,1828,364.09,228274.52,0.62,nh,fev1,8,smoke_exposure,false
asian,198,395.77,245100.68,0.63,nh,fev1,8,smoke_exposure,false
hispanic,2489,668.48,645648.20,0.01,nh,fev1,8,smoke_exposure,false
other,342,477.93,362818.06,0.48,nh,fev1,8,smoke_exposure,false
All,7323,523.35,425096.37,0.41,nh,fev1,9,smoke_exposure,true
white,2466,418.72,286502.22,0.65,nh,fev1,9,smoke_exposure,true
black,1828,490.15,386887.88,0.36,nh,fev1,9,smoke_exposure,true
asian,198,513.42,399543.06,0.40,nh,fev1,9,smoke_exposure,true
hispanic,2489,658.94,601597.32,0.08,nh,fev1,9,smoke_exposure,true
other,342,474.08,358917.95,0.48,nh,fev1,9,smoke_exposure,true
All,3860,491.62,402008.13,0.45,nh3,fev1,8,smoke_exposure,false
white,1293,416.78,288493.41,0.65,nh3,fev1,8,smoke_exposure,false
black,1120,365.63,225980.26,0.63,nh3,fev1,8,smoke_exposure,false
hispanic,1259,682.83,678544.65,-0.04,nh3,fev1,8,smoke_exposure,false
other,188,476.55,379488.27,0.45,nh3,fev1,8,smoke_exposure,false
All,3860,523.28,431965.75,0.40,nh3,fev1,9,smoke_exposure,true
white,1293,404.33,272137.00,0.67,nh3,fev1,9,smoke_exposure,true
black,1120,494.00,396442.14,0.35,nh3,fev1,9,smoke_exposure,true
hispanic,1259,680.99,638906.97,0.02,nh3,fev1,9,smoke_exposure,true
other,188,459.66,356997.86,0.48,nh3,fev1,9,smoke_exposure,true
All,3463,480.36,380021.04,0.47,nh4,fev1,8,smoke_exposure,false
white,1173,416.72,288718.82,0.63,nh4,fev1,8,smoke_exposure,false
black,708,571.85,488305.96,0.16,nh4,fev1,8,smoke_exposure,false
asian,198,402.28,271371.47,0.59,nh4,fev1,8,smoke_exposure,false
hispanic,1230,508.71,432777.28,0.32,nh4,fev1,8,smoke_exposure,false
other,154,418.50,295957.51,0.57,nh4,fev1,8,smoke_exposure,false
All,3463,413.53,289825.82,0.60,nh4,fev1,9,smoke_exposure,true
white,1173,381.09,244970.04,0.69,nh4,fev1,9,smoke_exposure,true
black,708,412.67,286738.11,0.51,nh4,fev1,9,smoke_exposure,true
asian,198,368.15,258770.70,0.61,nh4,fev1,9,smoke_exposure,true
hispanic,1230,451.99,341327.63,0.47,nh4,fev1,9,smoke_exposure,true
other,154,415.72,274264.77,0.60,nh4,fev1,9,smoke_exposure,true
